{"dim1": [3264, 2448], "dim2": [3264, 2448], "dim3": [3264, 2448], "K": [[1425.5513881614268, 0.0, 1654.2719012237355], [0.0, 1425.3478800534128, 1197.3579471903774], [0.0, 0.0, 1.0]], "D": [[0.09193360142523685], [0.14517625987376206], [-0.4878419565489222], [0.4019373729476832]], "new_K": [[1052.9457986998161, 0.0, 1654.9399981212348], [0.0, 1052.7954828226657, 1193.4454531460312], [0.0, 0.0, 1.0]], "balance": 1}