{
    "boardName": "OAK-D",
    "boardRev": "R1M0E1",
    "cameraData": [
        [
            0,
            {
                "cameraType": 0,
                "distortionCoeff": [
                    -3.024759531021118,
                    -47.612464904785156,
                    -0.0003203139058314264,
                    0.0009926768252626061,
                    284.75054931640625,
                    -3.203447103500366,
                    -45.59871292114258,
                    277.544677734375,
                    0.0,
                    0.0,
                    0.0,
                    0.0,
                    0.0,
                    0.0
                ],
                "extrinsics": {
                    "rotationMatrix": [
                        [
                            0.0,
                            0.0,
                            0.0
                        ],
                        [
                            0.0,
                            0.0,
                            0.0
                        ],
                        [
                            0.0,
                            0.0,
                            0.0
                        ]
                    ],
                    "specTranslation": {
                        "x": -0.0,
                        "y": -0.0,
                        "z": -0.0
                    },
                    "toCameraSocket": -1,
                    "translation": {
                        "x": 0.0,
                        "y": 0.0,
                        "z": 0.0
                    }
                },
                "height": 2160,
                "intrinsicMatrix": [
                    [
                        3098.163330078125,
                        0.0,
                        1945.3646240234375
                    ],
                    [
                        0.0,
                        3098.163330078125,
                        1092.97509765625
                    ],
                    [
                        0.0,
                        0.0,
                        1.0
                    ]
                ],
                "lensPosition": 124,
                "specHfovDeg": 68.7938003540039,
                "width": 3840
            }
        ],
        [
            1,
            {
                "cameraType": 0,
                "distortionCoeff": [
                    -11.025714874267578,
                    124.12922668457031,
                    0.0012729429872706532,
                    0.0013739862479269505,
                    -47.79277420043945,
                    -11.048648834228516,
                    123.13890075683594,
                    -45.72663879394531,
                    0.0,
                    0.0,
                    0.0,
                    0.0,
                    0.0,
                    0.0
                ],
                "extrinsics": {
                    "rotationMatrix": [
                        [
                            0.99977046251297,
                            0.01615217700600624,
                            0.014075599610805511
                        ],
                        [
                            -0.016220806166529655,
                            0.9998570084571838,
                            0.004775395616889
                        ],
                        [
                            -0.013996453955769539,
                            -0.0050026169046759605,
                            0.9998895525932312
                        ]
                    ],
                    "specTranslation": {
                        "x": -7.5,
                        "y": 0.0,
                        "z": 0.0
                    },
                    "toCameraSocket": 2,
                    "translation": {
                        "x": -7.50114631652832,
                        "y": -0.1368691325187683,
                        "z": 0.08210492134094238
                    }
                },
                "height": 800,
                "intrinsicMatrix": [
                    [
                        804.1618041992188,
                        0.0,
                        643.3385620117188
                    ],
                    [
                        0.0,
                        804.1618041992188,
                        422.98382568359375
                    ],
                    [
                        0.0,
                        0.0,
                        1.0
                    ]
                ],
                "lensPosition": 0,
                "specHfovDeg": 71.86000061035156,
                "width": 1280
            }
        ],
        [
            2,
            {
                "cameraType": 0,
                "distortionCoeff": [
                    -10.004664421081543,
                    95.30925750732422,
                    -3.9113274397095665e-05,
                    -0.0010526437545195222,
                    -89.53042602539063,
                    -10.063620567321777,
                    94.97077178955078,
                    -88.74799346923828,
                    0.0,
                    0.0,
                    0.0,
                    0.0,
                    0.0,
                    0.0
                ],
                "extrinsics": {
                    "rotationMatrix": [
                        [
                            0.9998199939727783,
                            0.006060195155441761,
                            -0.01797785423696041
                        ],
                        [
                            -0.005256006494164467,
                            0.9989979267120361,
                            0.04444700852036476
                        ],
                        [
                            0.018229195848107338,
                            -0.04434451833367348,
                            0.9988499879837036
                        ]
                    ],
                    "specTranslation": {
                        "x": 3.75,
                        "y": 0.0,
                        "z": 0.0
                    },
                    "toCameraSocket": 0,
                    "translation": {
                        "x": 3.7476184368133545,
                        "y": 0.09853538870811462,
                        "z": -0.25538796186447144
                    }
                },
                "height": 800,
                "intrinsicMatrix": [
                    [
                        802.254150390625,
                        0.0,
                        621.0968627929688
                    ],
                    [
                        0.0,
                        802.254150390625,
                        402.7760314941406
                    ],
                    [
                        0.0,
                        0.0,
                        1.0
                    ]
                ],
                "lensPosition": 0,
                "specHfovDeg": 71.86000061035156,
                "width": 1280
            }
        ]
    ],
    "imuExtrinsics": {
        "rotationMatrix": [
            [
                0.0,
                0.0,
                0.0
            ],
            [
                0.0,
                0.0,
                0.0
            ],
            [
                0.0,
                0.0,
                0.0
            ]
        ],
        "specTranslation": {
            "x": 0.0,
            "y": 0.0,
            "z": 0.0
        },
        "toCameraSocket": -1,
        "translation": {
            "x": 0.0,
            "y": 0.0,
            "z": 0.0
        }
    },
    "miscellaneousData": [],